Program,address,program,freida,"Step 2CK min","vagas PGY1",IMG,Female,"wage PGY1",J1,H1B,Latitude,Longitude,order,"Geocodio Latitude","Geocodio Longitude","Geocodio Accuracy Score","Geocodio Accuracy Type","Geocodio Address Line 1","Geocodio Address Line 2","Geocodio Address Line 3","Geocodio House Number","Geocodio Street","Geocodio Unit Type","Geocodio Unit Number","Geocodio City","Geocodio State","Geocodio County","Geocodio Postal Code","Geocodio Country","Geocodio Source"
"University of Alabama","619 19th St SBirmingham, AL 35249-6810",https://www.uab.edu/medicine/anesthesiology/,https://freida.ama-assn.org/program/0400121010,220,21,0,20,60508,No,Yes,,,1,33.506584,-86.803163,0.56,nearest_rooftop_match,"500 19th St S",,"Birmingham, AL 35233",500,"19th St S",,,Birmingham,AL,"Jefferson County",35233,US,Jefferson
"University of Arkansas ","4301 W Markham StLittle Rock, AR 72205-7101",https://medicine.uams.edu/anesthesiology/residency/,https://freida.ama-assn.org/program/0400421013,230,13,35,29,59786,Yes,Yes,,,2,34.749011,-92.320103,1,rooftop,"4301 W Markham St",,"Little Rock, AR 72205",4301,"W Markham St",,,"Little Rock",AR,"Pulaski County",72205,US,Pulaski
"Mayo Phoenix","5777 E Mayo Blvd
Phoenix, AZ 85054",https://college.mayo.edu/academics/residencies-and-fellowships/anesthesiology-residency-arizona/,https://freida.ama-assn.org/program/0400331197,,7,0,35,72205,Yes,Yes,,,3,33.658768,-111.956885,1,rooftop,"5777 E Mayo Blvd",,"Phoenix, AZ 85054",5777,"E Mayo Blvd",,,Phoenix,AZ,"Maricopa County",85054,US,Maricopa
"University of Arizona","1501 N Campbell AveTucson, AZ 85724-5114",http://www.anesth.medicine.arizona.edu/,,,6,3,,66910,Yes,No,,,4,32.240496,-110.946085,1,rooftop,"1501 N Campbell Ave",,"Tucson, AZ 85724",1501,"N Campbell Ave",,,Tucson,AZ,"Pima County",85724,US,Pima
"Loma Linda University","11234 Anderson StLoma Linda, CA 92354",http://www.lluanesthesia.com,https://freida.ama-assn.org/program/0400521016,230,16,0,21,72020,Yes,Yes,,,5,34.049491,-117.263673,1,rooftop,"11234 Anderson St",,"Loma Linda, CA 92350",11234,"Anderson St",,,"Loma Linda",CA,"San Bernardino County",92350,US,"San Bernardino"
"Arrowhead Regional Medical Center Program","400 N Pepper AveColton, CA 92324-1819",http://www.arrowheadregional.org,https://freida.ama-assn.org/program/0400500003,,,,,,No,No,,,6,34.073987,-117.351356,1,rooftop,"400 N Pepper Ave",,"Colton, CA 92324",400,"N Pepper Ave",,,Colton,CA,"San Bernardino County",92324,US,"San Bernardino"
"University of Southern California","2051 Marengo StLos Angeles, CA 90033",https://keck.usc.edu/anesthesiology/training-education/residency-program/,https://freida.ama-assn.org/program/0400521018,,,,,,No,No,,,7,34.056471,-118.20674,1,range_interpolation,"2051 Marengo Pl",,"Los Angeles, CA 90033",2051,"Marengo Pl",,,"Los Angeles",CA,"Los Angeles County",90033,US,"TIGER/Line® dataset from the US Census Bureau"
Cedars-Sinai,"8700 Beverly BlvdLos Angeles, CA 90048",http://www.csmc.edu,https://freida.ama-assn.org/program/0400521019,,17,2.5,25,78062,Yes,Yes,,,8,34.076549,-118.380017,1,rooftop,"8700 Beverly Blvd",,"West Hollywood, CA 90048",8700,"Beverly Blvd",,,"West Hollywood",CA,"Los Angeles County",90048,US,"Los Angeles (Los Angeles County license to copy, publish, distribute and/or transmit the Data, to adapt the Data and to exploit the Data for commercial and/or personal use)"
UCLA,"757 Westwood PlazaLos Angeles, CA 90095-7403",https://www.uclahealth.org/departments/anes/education/residency-program,https://freida.ama-assn.org/program/0400521020,,27,1.3,40,89261,Yes,Yes,,,9,40.303792,-121.022584,0.4,place,,,"Westwood, CA 96137",,,,,Westwood,CA,"Lassen County",96137,US,"TIGER/Line® dataset from the US Census Bureau"
"Riverside University","26520 Cactus AveMoreno Valley, CA 92555",https://www.ruhealth.org/medical-center/medical-education,https://freida.ama-assn.org/program/0400500027,,,,,,No,No,,,10,33.91202,-117.19588,1,rooftop,"26520 Cactus Ave",,"Moreno Valley, CA 92555",26520,"Cactus Ave",,,"Moreno Valley",CA,"Riverside County",92555,US,Riverside
"University of California (Irvine)","101 The City Dr SOrange, CA 92868-3201",http://www.anesthesiology.uci.edu,https://freida.ama-assn.org/program/0400521015,,,,,,No,No,,,11,33.78607,-117.885453,1,rooftop,"101 The City Dr",,"Orange, CA 92868",101,"The City Dr",,,Orange,CA,"Orange County",92868,US,"Orange (CC0 1.0)"
"HCA Healthcare Riverside Program","4445 Magnolia AveRiverside, CA 92501",http://gme.riversidecommunityhospital.com/,https://freida.ama-assn.org/program/0400500031,,,,,,No,No,,,12,33.97571,-117.380708,1,rooftop,"4445 Magnolia Ave",,"Riverside, CA 92501",4445,"Magnolia Ave",,,Riverside,CA,"Riverside County",92501,US,"City of Riverside"
"University of California (San Diego)","200 W Arbor DrSan Diego, CA 92103-8770",https://anesthesia.ucsd.edu/,https://freida.ama-assn.org/program/0400521022,,,,,,No,No,,,13,32.754776,-117.165183,1,rooftop,"200 W Arbor Dr",,"San Diego, CA 92103",200,"W Arbor Dr",,,"San Diego",CA,"San Diego County",92103,US,"City of San Diego (ODC PDDL)"
"University of California (San Francisco)","513 Parnassus AveSan Francisco, CA 94143-0427",https://anesthesia.ucsf.edu/,https://freida.ama-assn.org/program/0400521023,,,,,,No,No,,,14,37.76313,-122.458582,0.5,place,,,"San Francisco, CA 94143",,,,,"San Francisco",CA,"San Francisco County",94143,US,"TIGER/Line® dataset from the US Census Bureau"
Stanford,"300 Pasteur DrStanford, CA 94305",http://med.stanford.edu/anesthesia/,https://freida.ama-assn.org/program/0400521025,,24,0,46,,Yes,Yes,,,15,37.433809,-122.17649,1,range_interpolation,"300 Pasteur Dr",,"Stanford, CA 94305",300,"Pasteur Dr",,,Stanford,CA,"Santa Clara County",94305,US,"TIGER/Line® dataset from the US Census Bureau"
"St Joseph's","1800 N California StStockton, CA 95204",https://www.dignityhealth.org/central-california/locations/stjosephs-stockton/for-physicians/residency-programs/anesthesiology-residency-program,https://freida.ama-assn.org/program/0400500030,,,,,,No,No,,,16,37.96893,-121.288387,1,rooftop,"1800 N California St",,"Stockton, CA 95204",1800,"N California St",,,Stockton,CA,"San Joaquin County",95204,US,"City of Stockton"
"Los Robles","215 W Janss RdThousand Oaks, CA 91360",https://losrobleshospital.com/physicians/graduate-medical-education/anesthesiology/,https://freida.ama-assn.org/program/0400500001,,,,,,No,No,,,17,34.207565,-118.882188,1,rooftop,"215 W Janss Rd",,"Thousand Oaks, CA 91360",215,"W Janss Rd",,,"Thousand Oaks",CA,"Ventura County",91360,US,"Ventura (Ventura County)"
"Los Angeles County-Harbor-UCLA","1000 W Carson StTorrance, CA 90509",http://www.harbor-ucla.org/anesthesiology/,https://freida.ama-assn.org/program/0400511026,235,9,0,23,72301,Yes,Yes,,,18,33.813317,-118.261154,0.4,place,,,"Carson, CA 90745",,,,,Carson,CA,"Los Angeles County",90745,US,"TIGER/Line® dataset from the US Census Bureau"
"Kaweah Delta Health Care District","400 W Mineral King AveVisalia, CA 93291",https://www.kaweahdelta.org/GME-Residency-Programs/Anesthesiology.aspx,https://freida.ama-assn.org/program/0400500028,,,,,,No,No,,,19,36.327888,-119.294919,1,rooftop,"400 W Mineral King Ave",,"Visalia, CA 93291",400,"W Mineral King Ave",,,Visalia,CA,"Tulare County",93291,US,"City of Visalia"
"University of Colorado","12631 E 17th AveAurora, CO 80045",http://www.medschool.ucdenver.edu/anes,https://freida.ama-assn.org/program/0400721028,,,,,,No,No,,,20,39.744039,-104.840717,1,rooftop,"12631 E 17th Ave",,"Aurora, CO 80045",12631,"E 17th Ave",,,Aurora,CO,"Adams County",80045,US,Adams
"HCA HealthONE","501 E Hampden AveEnglewood, CO 80113",https://hcahealthcaregme.com/locations/swedish/anesthesiology-residency/,https://freida.ama-assn.org/program/0400700001,233,4,,,66040,Yes,No,,,21,39.653759,-104.981213,1,rooftop,"501 E Hampden Ave",,"Englewood, CO 80113",501,"E Hampden Ave",,,Englewood,CO,"Arapahoe County",80113,US,"Arapahoe (Arapahoe County)"
"University of Connecticut","263 Farmington AveFarmington, CT 06032-1956",https://health.uconn.edu/graduate-medical-education/?p=507,https://freida.ama-assn.org/program/0400821172,250,13,8,24,67544,Yes,No,,,22,41.726769,-72.829543,0.5,place,,,"Farmington, CT 06032",,,,,Farmington,CT,"Capitol Planning Region",06032,US,"TIGER/Line® dataset from the US Census Bureau"
"Quinnipiac University","275 Mount Carmel AveHamden, CT 06518-1905",https://medicine.qu.edu/graduate-medical-education/anesthesiology-residency/,https://freida.ama-assn.org/program/0400800001,220,4,,,69405,Yes,No,,,23,41.424264,-72.90538,0.5,place,,,"Mount Carmel, CT 06518",,,,,"Mount Carmel",CT,"South Central Connecticut Planning Region",06518,US,"TIGER/Line® dataset from the US Census Bureau"
Yale,"20 York St New Haven, CT 06510",https://medicine.yale.edu/anesthesiology/,https://freida.ama-assn.org/program/0400821030,,21,6,41,79602,Yes,Yes,,,24,41.304148,-72.93539,1,rooftop,"20 York St",,"New Haven, CT 06510",20,"York St",,,"New Haven",CT,"South Central Connecticut Planning Region",06510,US,"Connecticut Geospatial Information Systems Council"
"MedStar Health/Georgetown University","3800 Reservoir Rd NWWashington, DC 20007-2113",http://anesthesiology.georgetown.edu/,https://freida.ama-assn.org/program/0401021032,,,,,,No,No,,,25,38.912022,-77.075306,0.9,rooftop,"3800 Reservoir Rd NW",,"Washington, DC 20007",3800,"Reservoir Rd NW",,,Washington,DC,"District of Columbia",20007,US,"Statewide (City of Washington)"
"George Washington University","900 23rd St NWWashington, DC 20037",https://smhs.gwu.edu/anesthesiology/,https://freida.ama-assn.org/program/0401021033,,,,,,No,No,,,26,38.901316,-77.050716,0.9,rooftop,"900 23rd St NW",,"Washington, DC 20037",900,"23rd St NW",,,Washington,DC,"District of Columbia",20037,US,"Statewide (City of Washington)"
"HCA Florida Healthcare/USF","3031 Rocky Dr WTampa, FL 33607",https://hcahealthcaregme.com/locations/hca-florida-oak-hill-hospital/anesthesiology-residency/,https://freida.ama-assn.org/program/0401100007,,,,,,No,No,,,27,27.970106,-82.568439,0.92,rooftop,"3031 N Rocky Point Dr",,"Tampa, FL 33607",3031,"N Rocky Point Dr",,,Tampa,FL,"Hillsborough County",33607,US,"Hillsborough (Hillsborough County CC BY 4.0)"
"University of Florida-Gainesville","1600 SW Archer RdGainesville, FL 32610",http://www.anest.ufl.edu,https://freida.ama-assn.org/program/0401121035,,22,10,30,61548,No,No,,,28,29.639896,-82.343409,1,rooftop,"1600 SW Archer Rd",,"Gainesville, FL 32610",1600,"SW Archer Rd",,,Gainesville,FL,"Alachua County",32610,US,"City of Gainesville"
"University of Florida Jacksonville","655 W 8th StJacksonville, FL 32209",http://hscj.ufl.edu/anesthesiology/residency/,https://freida.ama-assn.org/program/0401112204,240,5,18,,61548,No,No,,,29,30.348513,-81.66532,1,rooftop,"655 8th St W",,"Jacksonville, FL 32209",655,"8th St W",,,Jacksonville,FL,"Duval County",32209,US,Duval
"Mayo Jacksonville","4500 San Pablo RdJacksonville, FL 32224",https://college.mayo.edu/academics/residencies-and-fellowships/anesthesiology-residency-florida/,https://freida.ama-assn.org/program/0401113194,,6,16,40,72205,Yes,Yes,,,30,30.261684,-81.4419,1,rooftop,"4500 San Pablo Rd S",,"Jacksonville, FL 32224",4500,"San Pablo Rd S",,,Jacksonville,FL,"Duval County",32224,US,Duval
"University of Miami/Jackson","1611 NW 12th Ave SWMiami, FL 33136",https://lnk.bio/umanesthesia,https://freida.ama-assn.org/program/0401121036,,31,7,35,68728,Yes,No,,,31,25.79083,-80.214773,1,rooftop,"1611 NW 12th Ave",,"Miami, FL 33136",1611,"NW 12th Ave",,,Miami,FL,"Miami-Dade County",33136,US,"City of Miami"
"HCA Florida Healthcare/Kendall Hospital","11750 SW 40th StMiami, FL 33175",https://www.hcafloridahealthcare.com/for-medical-professionals/graduate-medical-education,https://freida.ama-assn.org/program/0401100206,235,6,52,39,60445,Yes,No,,,32,25.730899,-80.385436,1,rooftop,"11750 SW 40th St",,"Miami, FL 33175",11750,"SW 40th St",,,Miami,FL,"Miami-Dade County",33175,US,"Miami Dade (CC0 1.0 Miami-Dade County)"
"Mount Sinai Florida","4300 Alton RdMiami Beach, FL 33140",http://www.msmc.com,https://freida.ama-assn.org/program/0401100205,225,6,57,10,66165,Yes,No,,,33,25.815456,-80.138213,1,rooftop,"4300 Alton Rd",,"Miami Beach, FL 33140",4300,"Alton Rd",,,"Miami Beach",FL,"Miami-Dade County",33140,US,"Miami Dade (CC0 1.0 Miami-Dade County)"
"University of Central Florida/HCA Florida","1431 SW First AveOcala, FL 34471",https://ocalahealthsystem.com/physicians/graduate-medical-education,https://freida.ama-assn.org/program/0401100212,,,,,,No,No,,,34,29.175789,-82.136324,1,rooftop,"1431 SW 1st Ave",,"Ocala, FL 34471",1431,"SW 1st Ave",,,Ocala,FL,"Marion County",34471,US," Loveland"
"AdventHealth Florida","601 E RollinsOrlando, FL 32803",,https://freida.ama-assn.org/program/0401100003,,,,,,No,No,,,35,28.556479,-81.33664,0.5,place,,,"Orlando, FL 32803",,,,,Orlando,FL,"Orange County",32803,US,"TIGER/Line® dataset from the US Census Bureau"
"Memorial Healthcare System (Hollywood Florida)","703 N Flamingo RdPembroke Pines, FL 33028",https://www.mhs.net/education/graduate-medical-education/residency-and-fellowship-programs/anesthesiology-residency,https://freida.ama-assn.org/program/0401100215,,,,,,No,No,,,36,26.011497,-80.309151,1,rooftop,"703 N Flamingo Rd",,"Pembroke Pines, FL 33028",703,"N Flamingo Rd",,,"Pembroke Pines",FL,"Broward County",33028,US," Loveland"
"HCA Florida Healthcare/Westside/Northwest","8201 W Broward BlvdPlantation, FL 33324",https://hcahealthcaregme.com/locations/hca-florida-westside-hospital/anesthesiology-residency/,https://freida.ama-assn.org/program/0401100001,,6,,,,No,No,,,37,26.123303,-80.259855,1,rooftop,"8201 W Broward Blvd",,"Plantation, FL 33324",8201,"W Broward Blvd",,,Plantation,FL,"Broward County",33324,US," Loveland"
"University of South Florida Morsani College","12901 N Bruce B Downs BlvdTampa, FL 33612",,https://freida.ama-assn.org/program/0401100002,,,,,,No,No,,,38,28.064957,-82.424912,0.8,rooftop,"12901 Bruce B Downs Blvd",,"Tampa, FL 33612",12901,"Bruce B Downs Blvd",,,Tampa,FL,"Hillsborough County",33612,US,"Hillsborough (Hillsborough County CC BY 4.0)"
"Cleveland Clinic Florida","2950 Cleveland Clinic BlvdWeston, FL 33331",http://clevelandclinicflorida.org/anesthesia,https://freida.ama-assn.org/program/0401100209,240,5,22,29,61133,Yes,Yes,,,39,26.082513,-80.364928,1,rooftop,"2950 Cleveland Clinic Blvd",,"Weston, FL 33331",2950,"Cleveland Clinic Blvd",,,Weston,FL,"Broward County",33331,US," Loveland"
Emory,"1364 Clifton Rd NEAtlanta, GA 30322",http://www.anesthesiology.emory.edu,https://freida.ama-assn.org/program/0401221037,,,,,,No,No,,,40,33.792008,-84.325238,1,rooftop,"1364 Clifton Rd",,"Atlanta, GA 30322",1364,"Clifton Rd",,,Atlanta,GA,"Dekalb County",30322,US,"Dekalb (DeKalb County CC BY 4.0)"
"Medical College of Georgia","1120 15th StAugusta, GA 30912-2700",https://www.augusta.edu/mcg/anes/,https://freida.ama-assn.org/program/0401211038,230,12,62,29,57532,Yes,No,,,41,33.470272,-81.987862,1,rooftop,"1120 15th St",,"Augusta, GA 30912",1120,"15th St",,,Augusta,GA,"Richmond County",30912,US,"Richmond County"
"University of Iowa","200 Hawkins DrIowa City, IA 52242",https://medicine.uiowa.edu/anesthesia/,https://freida.ama-assn.org/program/0401821049,,,,,,No,No,,,42,41.659932,-91.548101,1,rooftop,"200 Hawkins Dr",,"Iowa City, IA 52242",200,"Hawkins Dr",,,"Iowa City",IA,"Johnson County",52242,US,Johnson
"University of Illinois","1740 W Taylor StChicago, IL 60612-7239",http://chicago.medicine.uic.edu/departments___programs/departments/,https://freida.ama-assn.org/program/0401611041,,11,4,28,72421,Yes,No,,,43,41.869353,-87.670334,1,range_interpolation,"1740 W Taylor St",,"Chicago, IL 60612",1740,"W Taylor St",,,Chicago,IL,"Cook County",60612,US,"TIGER/Line® dataset from the US Census Bureau"
"University of Chicago","5841 S Maryland AveChicago, IL 60544",https://www.anesthesiaattheforefront.com/,https://freida.ama-assn.org/program/0401611044,,20,5,35,70546,Yes,Yes,,,44,41.632457,-88.169698,0.25,place,,,"Plainfield, IL 60544",,,,,Plainfield,IL,"Will County",60544,US,"TIGER/Line® dataset from the US Census Bureau"
"Cook County","1901 W Harrison StChicago, IL 60612",https://cookcountyhealthanesthesiology.org,https://freida.ama-assn.org/program/0401612039,235,9,86,16,61008,Yes,Yes,,,45,41.87382,-87.674233,1,rooftop,"1901 W Harrison St",,"Chicago, IL 60612",1901,"W Harrison St",,,Chicago,IL,"Cook County",60612,US,"City of Chicago"
"Advocate Health Care/Advocate Illinois Masonic","836 W Wellington AveChicago, IL 60657",https://www.advocatehealth.com/education/residency-opportunities/advocate-illinois-masonic-medical-c,https://freida.ama-assn.org/program/0401621040,235,8,75,18,66000,Yes,No,,,46,41.937505,-87.65069,1,rooftop,"836 W Wellington Ave",,"Chicago, IL 60657",836,"W Wellington Ave",,,Chicago,IL,"Cook County",60657,US,"City of Chicago"
"McGaw Medical Center of Northwestern University","420 E Superior StChicago, IL 60611",http://www.feinberg.northwestern.edu/sites/anesthesiology,https://freida.ama-assn.org/program/0401621042,,,,,,No,No,,,47,41.895968,-87.619335,1,range_interpolation,"420 E Superior St",,"Chicago, IL 60611",420,"E Superior St",,,Chicago,IL,"Cook County",60611,US,"TIGER/Line® dataset from the US Census Bureau"
"Rush University","1750 W Harrison StChicago, IL 60586",http://www.rushanesthesia.com,https://freida.ama-assn.org/program/0401621043,,16,23,32,58279,Yes,Yes,,,48,41.561088,-88.23591,0.25,place,,,"Plainfield, IL 60586",,,,,Plainfield,IL,"Will County",60586,US,"TIGER/Line® dataset from the US Census Bureau"
"Loyola University","2160 S First AveMaywood, IL 60153",https://www.loyolamedicine.org/gme/residencies/anesthesiology/,https://freida.ama-assn.org/program/0401611046,230,13,15,30,66690,Yes,No,,,49,41.859505,-87.834251,1,rooftop,"2160 S 1st Ave",,"Maywood, IL 60153",2160,"S 1st Ave",,,Maywood,IL,"Cook County",60153,US,Will
"University of Illinois Peoria ","530 NE Glen Oak AvePeoria, IL 61637",https://peoria.medicine.uic.edu/depts/academic/anesthesiology/,https://freida.ama-assn.org/program/0401600001,,,,,,No,No,,,50,40.704142,-89.586866,1,range_interpolation,"530 NE Glen Oak Ave",,"Peoria, IL 61637",530,"NE Glen Oak Ave",,,Peoria,IL,"Peoria County",61637,US,"TIGER/Line® dataset from the US Census Bureau"
"Ascension St Vincent Hospital Indianapolis","2001 W 86th StIndianapolis, IN 46240",https://medicaleducation.ascension.org/indiana/st-vincent-graduate-medical-education-home,https://freida.ama-assn.org/program/0401700001,,,,,,No,No,,,51,39.912355,-86.127323,0.95,range_interpolation,"2001 E 86th St",,"Indianapolis, IN 46240",2001,"E 86th St",,,Indianapolis,IN,"Marion County",46240,US,"TIGER/Line® dataset from the US Census Bureau"
"Indiana University","1120 W Michigan StIndianapolis, IN 46202-5209",https://medicine.iu.edu/departments/anesthesia/education-programs/residency,https://freida.ama-assn.org/program/0401721048,220,30,12,20,66021,Yes,No,,,52,39.77567,-86.179224,1,rooftop,"1120 W Michigan St",,"Indianapolis, IN 46202",1120,"W Michigan St",,,Indianapolis,IN,"Marion County",46202,US,"Address Points of Indiana: Address Points Maintained by Local Government Agencies in Indiana, (Indiana Geographic Information Office, File Geodatabase, Point Feature Class)"
"University of Kansas","3901 Rainbow BlvdKansas City, KS 66160",https://www.kumc.edu/school-of-medicine/anesthesiology.html,https://freida.ama-assn.org/program/0401911050,,12,0,39,60780,Yes,Yes,,,53,39.056881,-94.611471,1,rooftop,"3901 Rainbow Blvd",,"Kansas City, KS 66160",3901,"Rainbow Blvd",,,"Kansas City",KS,"Wyandotte County",66160,US,"Statewide KS"
"University of Kansas (Wichita)","929 N St FrancisWichita, KS 67214-3882",https://www.kumc.edu/school-of-medicine/campuses/wichita/academics/anesthesiology-wichita.html,https://freida.ama-assn.org/program/0401922051,,5,10,23,60581,Yes,No,,,54,37.706143,-97.319593,0.5,place,,,"Wichita, KS 67214",,,,,Wichita,KS,"Sedgwick County",67214,US,"TIGER/Line® dataset from the US Census Bureau"
"University of Kentucky","800 Rose StLexington, KY 40536-0293",http://www.wildcatanesthesia.com,https://freida.ama-assn.org/program/0402021052,,16,8,28,60779,Yes,No,,,55,38.030987,-84.506555,1,rooftop,"800 Rose St",,"Lexington, KY 40536",800,"Rose St",,,Lexington,KY,"Fayette County",40536,US,"Lexington Fayette (Public Domain)"
"University of Louisville","530 S Jackson StLouisville, KY 40202",https://www.uoflanesthesia.com/,https://freida.ama-assn.org/program/0402021053,,11,0,24,61867,Yes,No,,,56,38.249157,-85.745382,1,rooftop,"530 S Jackson St",,"Louisville, KY 40202",530,"S Jackson St",,,Louisville,KY,"Jefferson County",40202,US,"Metro Louisville,  LOJIC partners"
"Ochsner Clinic Foundation","1514 Jefferson HwyNew Orleans, LA 70121",https://education.ochsner.org/gme#programs,https://freida.ama-assn.org/program/0402112055,230,13,20,26,58798,Yes,No,,,57,29.961985,-90.160439,0.5,place,,,"New Orleans, LA 70121",,,,,"New Orleans",LA,"Jefferson Parish",70121,US,"TIGER/Line® dataset from the US Census Bureau"
"Tulane University","1430 Tulane AveNew Orleans, LA 70112",https://medicine.tulane.edu/departments/anesthesiology,https://freida.ama-assn.org/program/0402131168,,,,,,No,No,,,58,29.954888,-90.076905,1,rooftop,"1430 Tulane Ave",,"New Orleans, LA 70112",1430,"Tulane Ave",,,"New Orleans",LA,"Orleans Parish",70112,US,"Orleans Parish"
"Louisiana State University","2021 Perdido StNew Orleans, LA 70112",https://www.medschool.lsuhsc.edu/anesthesiology/default.aspx,https://freida.ama-assn.org/program/0402131199,,,,,,No,No,,,59,29.956402,-90.085259,1,rooftop,"2021 Perdido St",,"New Orleans, LA 70112",2021,"Perdido St",,,"New Orleans",LA,"Orleans Parish",70112,US,"City of New Orleans"
"Louisiana State University (Shreveport)","1501 Kings HwyShreveport, LA 71130",https://www.lsuhs.edu/departments/school-of-medicine/anesthesiology,https://freida.ama-assn.org/program/0402111056,230,8,34,37,56812,Yes,No,,,60,32.468186,-93.708687,0.96,range_interpolation,"1501 E Kings Hwy",,"Shreveport, LA 71105",1501,"E Kings Hwy",,,Shreveport,LA,"Caddo Parish",71105,US,"TIGER/Line® dataset from the US Census Bureau"
"St Elizabeth's","736 Cambridge StBoston, MA 02135-2907",https://www.semc.org/about-us/residencies-fellowships/,https://freida.ama-assn.org/program/0402421067,,,,,,No,No,,,61,42.349583,-71.14798,1,rooftop,"736 Cambridge St",,"Brighton, MA 02135",736,"Cambridge St",,,Brighton,MA,"Suffolk County",02135,US,"City of Boston"
"Mass General Brigham/Massachusetts General Hospital","55 Fruit StBoston, MA 02114",https://ether.mgh.harvard.edu/applicants/,https://freida.ama-assn.org/program/0402431064,,,,,,No,No,,,62,42.363206,-71.068772,1,rooftop,"55 Fruit St",,"Boston, MA 02114",55,"Fruit St",,,Boston,MA,"Suffolk County",02114,US,"City of Boston"
"Beth Israel Deaconess","330 Brookline AveBoston, MA 02215",https://www.bidmc.org/medical-education,https://freida.ama-assn.org/program/0402411060,,16,18,44,76680,Yes,Yes,,,63,42.308198,-71.088745,0.4,place,,,"Brookline, MA 02146",,,,,Brookline,MA,"Suffolk County",02146,US,"TIGER/Line® dataset from the US Census Bureau"
"Boston University","750 Albany StBoston, MA 02118",https://www.bumc.bu.edu/anesthesiology/,https://freida.ama-assn.org/program/0402421062,230,12,45,29,78098,Yes,Yes,,,64,42.334079,-71.071701,1,rooftop,"750 Albany St",,"Boston, MA 02118",750,"Albany St",,,Boston,MA,"Suffolk County",02118,US,"City of Boston"
"Tufts Medical Center","800 Washington StBoston, MA 02111",https://www.tuftsmedicalcenter.org/patient-care-services/,https://freida.ama-assn.org/program/0402421065,,,,,,No,No,,,65,42.349652,-71.063516,1,rooftop,"800 Washington St",,"Boston, MA 02111",800,"Washington St",,,Boston,MA,"Suffolk County",02111,US,"City of Boston"
"Mass General Brigham/Brigham and Women's","75 Francis StBoston, MA 02115",https://anesthesiaresidency.brighamandwomens.org/,https://freida.ama-assn.org/program/0402421066,,22,2,48,78540,Yes,Yes,,,66,42.335936,-71.106748,1,rooftop,"75 Francis St",,"Boston, MA 02115",75,"Francis St",,,Boston,MA,"Suffolk County",02115,US,"City of Boston"
"Lahey Clinic","41 Mall RdBurlington, MA 01805",https://www.lahey.org/lhmc/research-residencies/residencies/anesthesiology-residency/,https://freida.ama-assn.org/program/0402400071,225,8,12,29,75614,Yes,No,,,67,42.485965,-71.208097,1,range_interpolation,"41 Burlington Mall Rd",,"Burlington, MA 01805",41,"Burlington Mall Rd",,,Burlington,MA,"Middlesex County",01805,US,"TIGER/Line® dataset from the US Census Bureau"
"Umass Chan-Baystate","759 Chestnut StSpringfield, MA 01199",http://www.baystatehealth.com/anesresidency,https://freida.ama-assn.org/program/0402412069,240,9,40,21,70000,Yes,No,,,68,42.120563,-72.604468,0.5,place,,,"Springfield, MA 01199",,,,,Springfield,MA,"Hampden County",01199,US,"TIGER/Line® dataset from the US Census Bureau"
"UMass Chan","55 Lake Ave NWorcester, MA 01655",https://www.umassmed.edu/anes/residency/,https://freida.ama-assn.org/program/0402431070,200,8,20,27,68212,Yes,No,,,69,42.364807,-71.896868,0.5,place,,,"Worcester, MA 01655",,,,,Worcester,MA,"Worcester County",01655,US,"TIGER/Line® dataset from the US Census Bureau"
"University of Maryland","22 S Greene StBaltimore, MD 21201",http://medschool.umaryland.edu/anesthesiology/,https://freida.ama-assn.org/program/0402311059,,,,,,No,No,,,70,39.288179,-76.623881,1,rooftop,"22 S Greene St",,"Baltimore, MD 21201",22,"S Greene St",,,Baltimore,MD,"Baltimore City",21201,US,"City of Baltimore"
"Johns Hopkins","1800 Orleans StBaltimore, MD 21287",https://anesthesiology.hopkinsmedicine.org/residency/,https://freida.ama-assn.org/program/0402321058,,,,,,No,No,,,71,39.296083,-76.591469,1,rooftop,"1800 Orleans St",,"Baltimore, MD 21287",1800,"Orleans St",,,Baltimore,MD,"Baltimore City",21287,US,"City of Baltimore"
"National Capital Consortium","4301 Jones Bridge RdBethesda, MD 20814",,https://freida.ama-assn.org/program/0401021190,,,,,,No,No,,,72,39.002858,-77.085367,1,rooftop,"4301 Jones Bridge Rd",,"Bethesda, MD 20814",4301,"Jones Bridge Rd",,,Bethesda,MD,"Montgomery County",20814,US,"Statewide MD"
TidalHealth,"100 E Carroll StSalisbury, MD 21801",https://www.tidalhealth.org/education/graduate-medical-education,https://freida.ama-assn.org/program/0402300001,,4,,,,No,No,,,73,38.36219,-75.597719,1,rooftop,"100 E Carroll St",,"Salisbury, MD 21801",100,"E Carroll St",,,Salisbury,MD,"Wicomico County",21801,US,Wicomico
MaineHealth,"22 Bramhall StPortland, ME 04102",https://www.mainehealth.org/maine-medical-center/education-research/medical-education/residency-programs/anesthesiology-residency,https://freida.ama-assn.org/program/0402211057,,8,14,47,,Yes,No,,,74,43.652447,-70.275543,1,rooftop,"22 Bramhall St",,"Portland, ME 04102",22,"Bramhall St",,,Portland,ME,"Cumberland County",04102,US,"Maine Office of GIS"
"University of Michigan","1500 E Medical Center DrAnn Arbor, MI 48109",https://medicine.umich.edu/dept/anesthesiology/education-training-programs,https://freida.ama-assn.org/program/0402521071,,30,9,39,72275,Yes,No,,,75,42.284619,-83.729449,1,rooftop,"1500 E Medical Center Dr",,"Ann Arbor, MI 48109",1500,"E Medical Center Dr",,,"Ann Arbor",MI,"Washtenaw County",48109,US,Semcog
"Henry Ford Health/Henry Ford Hospital","2799 W Grand BlvdDetroit, MI 48202-2608",http://www.henryford.com/body_program.cfm?id=37257,https://freida.ama-assn.org/program/0402521185,,14,52,36,64126,No,Yes,,,76,42.368026,-83.085928,1,rooftop,"2799 W Grand Blvd",,"Detroit, MI 48202",2799,"W Grand Blvd",,,Detroit,MI,"Wayne County",48202,US,Semcog
"Ascension St John","22101 Morross RdDetroit, MI 48236-2172",https://medicaleducation.ascension.org/michigan/st-john-graduate-medical-education,https://freida.ama-assn.org/program/0402500003,,8,,,58665,Yes,No,,,77,42.420516,-82.916344,1,rooftop,"22101 Moross Rd",,"Detroit, MI 48236",22101,"Moross Rd",,,Detroit,MI,"Wayne County",48236,US,Semcog
"Detroit Medical Center/Wayne State University","3990 John R StDetroit, MI 48201",http://www.dmc.org/AnesthesiologyResidency,https://freida.ama-assn.org/program/0402531073,,,,,,No,No,,,78,42.352213,-83.056689,1,rooftop,"3990 John R St",,"Detroit, MI 48201",3990,"John R St",,,Detroit,MI,"Wayne County",48201,US,Semcog
"McLaren Health Care Corporation","401 S Ballenger HwyFlint, MI 48532",https://www.mclaren.org/gme-medical-education/graduate-medical-education-mclaren-flint,https://freida.ama-assn.org/program/0402500001,,,,,,No,No,,,79,43.011127,-83.803045,0.5,place,,,"Flint, MI 48532",,,,,Flint,MI,"Genesee County",48532,US,"TIGER/Line® dataset from the US Census Bureau"
"McLaren Health Care/Greater Lansing/MSU","2900 Collins Rd
Lansing, MI 48910",https://www.mclaren.org/gme-medical-education/mclaren-residency-programs/35,https://freida.ama-assn.org/program/0402500208,,,,,,No,No,,,80,42.701742,-84.500467,1,rooftop,"2900 Collins Rd",,"Lansing, MI 48910",2900,"Collins Rd",,,Lansing,MI,"Ingham County",48910,US,Ingham
"Wayne State University","44555 Woodward AvePontiac, MI 48341-5031",https://anesthesiology.med.wayne.edu/residency,https://freida.ama-assn.org/program/0402500206,,,,,,No,No,,,81,42.614496,-83.276423,1,rooftop,"44555 Woodward Ave",,"Pontiac, MI 48341",44555,"Woodward Ave",,,Pontiac,MI,"Oakland County",48341,US,"Oakland (Oakland County You may retrieve, download, copy, modify, translate, adapt, distribute, sort, search, and reuse Open Data for any lawful purpose.)"
"McLaren Health Care/Oakland/MSU","50 N Perry StPontiac, MI 48342",https://www.mclaren.org/gme-medical-education/mclaren-residency-programs/29,https://freida.ama-assn.org/program/0402500207,226,3,23,18,57165,No,No,,,82,42.638546,-83.290747,1,rooftop,"50 N Perry St",,"Pontiac, MI 48342",50,"N Perry St",,,Pontiac,MI,"Oakland County",48342,US,Semcog
"Corewell Health (Royal Oak)","3601 W 13 Mile RdRoyal Oak, MI 48073-6712",https://www.beaumont.edu/graduate-medical-education,https://freida.ama-assn.org/program/0402513202,,,,,,No,No,,,83,42.511481,-83.190048,1,rooftop,"3601 W 13 Mile Rd",,"Royal Oak, MI 48073",3601,"W 13 Mile Rd",,,"Royal Oak",MI,"Oakland County",48073,US,Semcog
"University of Minnesota","420 Delaware St SEMinneapolis, MN 55455",http://www.med.umn.edu/anesthesiology/,https://freida.ama-assn.org/program/0402631075,,10,26,26,61281,Yes,Yes,,,84,44.972074,-93.23285,0.9,rooftop,"420 Delaware St SE",,"Minneapolis, MN 55455",420,"Delaware St SE",,,Minneapolis,MN,"Hennepin County",55455,US,Hennepin
"Mayo Clinic Rochester","200 1st St SWRochester, MN 55905-0001",http://college.mayo.edu/anesthesiologyresidencyminnesota,https://freida.ama-assn.org/program/0402621076,,18,9,44,69774,Yes,Yes,,,85,43.855365,-92.48998,0.8,rooftop,"200 1st St W",,"Stewartville, MN 55976",200,"1st St W",,,Stewartville,MN,"Olmsted County",55976,US,Olmsted
"University of Missouri-Columbia","1 Hospital DrColumbia, MO 65212",https://medicine.missouri.edu/departments/anesthesiology-and-perioperative-medicine,https://freida.ama-assn.org/program/0402811078,220,5,0,32,63302,Yes,Yes,,,86,38.937608,-92.33043,0.5,place,,,"Columbia, MO 65212",,,,,Columbia,MO,"Boone County",65212,US,"TIGER/Line® dataset from the US Census Bureau"
"University of Missouri-Kansas City","4400 Wornall RdKansas City, MO 64111",http://med.umkc.edu/anesthesiology/,https://freida.ama-assn.org/program/0402812080,225,8,19,25,59697,Yes,No,,,87,39.047439,-94.590047,1,rooftop,"4400 Wornall Rd",,"Kansas City, MO 64111",4400,"Wornall Rd",,,"Kansas City",MO,"Jackson County",64111,US,"City of Kansas City"
"Washington University/B-JH/SLCH Consortium","660 S Euclid AveSt Louis, MO 63110",http://www.anest.wustl.edu,https://freida.ama-assn.org/program/0402811081,,22,6.5,43,67808,Yes,No,,,88,38.634635,-90.26304,1,range_interpolation,"660 S Euclid Ave",,"Saint Louis, MO 63110",660,"S Euclid Ave",,,"Saint Louis",MO,"St. Louis City",63110,US,"TIGER/Line® dataset from the US Census Bureau"
"SSM Health/Saint Louis","3691 Rutger StSt Louis, MO 63110",https://www.slu.edu/medicine/anesthesiology-critical-care/index.php,https://freida.ama-assn.org/program/0402821166,,,,,,No,No,,,89,38.624062,-90.241107,1,range_interpolation,"3691 Rutger St",,"Saint Louis, MO 63110",3691,"Rutger St",,,"Saint Louis",MO,"St. Louis City",63110,US,"TIGER/Line® dataset from the US Census Bureau"
"University of Mississippi","2500 N State StJackson, MS 39216-4500",http://anesthesiology.umc.edu,https://freida.ama-assn.org/program/0402711077,240,10,20,32,56784,Yes,No,,,90,32.328566,-90.175626,1,range_interpolation,"2500 N State St",,"Jackson, MS 39216",2500,"N State St",,,Jackson,MS,"Hinds County",39216,US,"TIGER/Line® dataset from the US Census Bureau"
"University of North Carolina","Campus Box 7010Chapel Hill, NC 27599",http://www.med.unc.edu/anesthesiology,https://freida.ama-assn.org/program/0403621114,,14,3,46,58587,Yes,No,,,91,36.05251,-79.107692,0.75,place,,,"Chapel Hill, NC 27599",,,,,"Chapel Hill",NC,"Orange County",27599,US,"TIGER/Line® dataset from the US Census Bureau"
"Duke University","2301 Erwin RdDurham, NC 27710",https://anesthesiology.duke.edu/education/residency,https://freida.ama-assn.org/program/0403631115,,15,3,45,67284,Yes,Yes,,,92,36.051155,-78.857651,0.25,place,,,"Durham, NC 27710",,,,,Durham,NC,"Durham County",27710,US,"TIGER/Line® dataset from the US Census Bureau"
"Wake Forest University Baptist","Medical Center BlvdWinston-Salem, NC 27157-1009",https://school.wakehealth.edu/education-and-training/residencies-and-fellowships/anesthesiology-residency,https://freida.ama-assn.org/program/0403621116,230,14,0,28,61108,Yes,No,,,93,36.089369,-80.271169,1,street_center,"Medical Center Blvd",,"Winston Salem, NC 27157",,"Medical Center Blvd",,,"Winston Salem",NC,"Forsyth County",27157,US,"TIGER/Line® dataset from the US Census Bureau"
"University of Nebraska","984285 Nebraska Med CtrOmaha, NE 68198-4285",https://www.unmc.edu/anesthesia/,https://freida.ama-assn.org/program/0403011082,,,,,,No,No,,,94,41.291736,-96.171104,0.5,place,,,"Omaha, NE 68198",,,,,Omaha,NE,"Douglas County",68198,US,"TIGER/Line® dataset from the US Census Bureau"
"Dartmouth-Hitchcock/Mary Hitchcock","1 Medical Center DrLebanon, NH 03756",https://gme.dartmouth-hitchcock.org/anesthesiology.html,https://freida.ama-assn.org/program/0403211083,,10,6,26,68350,Yes,Yes,,,95,43.967542,-71.840883,0.5,place,,,"Lebanon, NH 03756",,,,,Lebanon,NH,"Grafton County",03756,US,"TIGER/Line® dataset from the US Census Bureau"
"Cooper University","1 Cooper PlazaCamden, NJ 08103",https://www.cooperhealth.edu/residencies/anesthesiology,https://freida.ama-assn.org/program/0403311195,235,7,20,21,67851,Yes,No,,,96,39.940929,-75.115808,1,range_interpolation,"1 Cooper Plz",,"Camden, NJ 08103",1,"Cooper Plz",,,Camden,NJ,"Camden County",08103,US,"TIGER/Line® dataset from the US Census Bureau"
"Hackensack University","30 Prospect AveHackensack, NJ 07601",http://www.hackensackmeridianhealth.org,,,4,19,38,66145,No,No,,,97,40.882384,-74.056085,1,rooftop,"30 Prospect Ave",,"Hackensack, NJ 07601",30,"Prospect Ave",,,Hackensack,NJ,"Bergen County",07601,US,Bergen
"Jersey Shore University","1945 NJ-33Neptune City, NJ 07753",https://www.hackensackmeridianhealth.org/en/healthcare-professionals/jsumc/anesthesiologyresidency,https://freida.ama-assn.org/program/0403300197,,6,,,73619,Yes,No,,,98,40.209551,-74.071351,0.5,place,,,"Neptune, NJ 07753",,,,,Neptune,NJ,"Monmouth County",07753,US,"TIGER/Line® dataset from the US Census Bureau"
"Rutgers Health/Robert Wood Johnson","125 Paterson StNew Brunswick, NJ 08901",https://dev-ru-rccl-rwjms.pantheonsite.io/department/anesthesiology/residency,https://freida.ama-assn.org/program/0403321180,220,12,39,39,73133,Yes,No,,,99,40.494654,-74.449235,1,rooftop,"125 Paterson St",,"New Brunswick, NJ 08901",125,"Paterson St",,,"New Brunswick",NJ,"Middlesex County",08901,US,"NJ Office of Information Technology (NJOIT), Office of Geographic Information Systems (OGIS)"
"Rutgers Health/New Jersey","185 S Orange AveNewark, NJ 07103",http://njms.rutgers.edu/departments/anesthesiology/index.cfm,https://freida.ama-assn.org/program/0403321087,,,,,,No,No,,,100,40.738892,-74.190732,1,rooftop,"185 S Orange Ave",,"Newark, NJ 07103",185,"S Orange Ave",,,Newark,NJ,"Essex County",07103,US,"NJ Office of Information Technology (NJOIT), Office of Geographic Information Systems (OGIS)"
"New York Medical College Program/St. Mary and St. Clare","40 Sunshine Cottage RdValhalla, NY 1059",https://saintclares.com/gme/,https://freida.ama-assn.org/program/0403300002,,,,,,No,No,,,101,42.369562,-72.63599,0.5,place,,,"North Amherst, MA 01059",,,,,"North Amherst",MA,"Hampshire County",01059,US,"TIGER/Line® dataset from the US Census Bureau"
"St Joseph's University","703 Main StPaterson, NJ 07503",http://stjosephshealth.org/education/item/1893-program-overview,https://freida.ama-assn.org/program/0403321089,230,8,21,43,61675,Yes,Yes,,,102,40.902116,-74.166271,1,rooftop,"703 Main St",,"Paterson, NJ 07503",703,"Main St",,,Paterson,NJ,"Passaic County",07503,US,"NJ Office of Information Technology (NJOIT), Office of Geographic Information Systems (OGIS)"
"University of New Mexico","2211 Lomas BlvdAlbuquerque, NM 87131",http://anesthesiology.unm.edu/,https://freida.ama-assn.org/program/0403421183,210,6,40,29,62429,Yes,No,,,103,35.088475,-106.619261,0.51,nearest_rooftop_match,"2300 Lomas Blvd NE",,"Albuquerque, NM 87131",2300,"Lomas Blvd NE",,,Albuquerque,NM,"Bernalillo County",87131,US,Bernalillo
"HCA Healthcare Sunrise Health GME/MountainView","2880 N Tenaya WayLas Vegas, NV 89128",https://bit.ly/2U7TA7N,https://freida.ama-assn.org/program/0403100001,,,,,,No,No,,,104,36.21356,-115.248113,1,rooftop,"2880 N Tenaya Way",,"Las Vegas, NV 89128",2880,"N Tenaya Way",,,"Las Vegas",NV,"Clark County",89128,US,"Las Vegas"
"Albany Medical Center","47 New Scotland AveAlbany, NY 12208",https://www.amc.edu/academic/GMENew/Anesthesiology/anesthesiology.cfm,https://freida.ama-assn.org/program/0403521167,232,8,13,45,71007,No,No,,,105,42.653714,-73.777827,1,rooftop,"47 New Scotland Ave",,"Albany, NY 12208",47,"New Scotland Ave",,,Albany,NY,"Albany County",12208,US,"NYS GIS Program Office, State Geographic Information Officer (GIO)"
"Zucker School of Medicine at Hofstra/Northwell at South Shore University","301 E Main StBayshore, NY 11706",https://physicians.northwell.edu/education/graduate-medical-education/residency-anesthesiology-ssuh,https://freida.ama-assn.org/program/0403500001,,,,,,No,No,,,106,40.725755,-73.241417,1,rooftop,"301 E Main St",,"Bay Shore, NY 11706",301,"E Main St",,,"Bay Shore",NY,"Suffolk County",11706,US,"Suffolk (Suffolk County Dept. of Information Technology - GIS Unit. CC BY 4.0)"
"Montefiore Medical Center/Albert Einstein","111 E 210th StBronx, NY 10467",http://www.montefiore.org/anesthesiology,https://freida.ama-assn.org/program/0403521181,,11,11,34,73584,No,Yes,,,107,40.879864,-73.879895,1,rooftop,"111 E 210th St",,"Bronx, NY 10467",111,"E 210th St",,,Bronx,NY,"Bronx County",10467,US,"City of New York"
"SUNY Downstate Health Sciences University","450 Clarkson AveBrooklyn, NY 11203-2098",http://www.downstate.edu,https://freida.ama-assn.org/program/0403521110,240,13,26,24,74041,Yes,No,,,108,43.286024,-77.684264,0.4,place,,,"Clarkson, NY 14430",,,,,Clarkson,NY,"Monroe County",14430,US,"TIGER/Line® dataset from the US Census Bureau"
Maimonides,"931 48th StBrooklyn, NY 11219-2919",https://maimomeded.org/residency-anesthesiology/,https://freida.ama-assn.org/program/0403511101,,,,,,No,No,,,109,40.640469,-73.999418,1,rooftop,"931 48th St",,"Brooklyn, NY 11219",931,"48th St",,,Brooklyn,NY,"Kings County",11219,US,"City of New York"
"New York-Presbyterian Brooklyn Methodist","506 Sixth StBrooklyn, NY 11215",,https://freida.ama-assn.org/program/0403511102,,,,,,No,No,,,110,40.665791,-73.985998,1,rooftop,"506 6th Ave",,"Brooklyn, NY 11215",506,"6th Ave",,,Brooklyn,NY,"Kings County",11215,US,"City of New York"
"University at Buffalo","77 Goodell StBuffalo, NY 14203",https://medicine.buffalo.edu/departments/anesthesiology.html,https://freida.ama-assn.org/program/0403521093,,,,,,No,No,,,111,42.894499,-78.868332,1,rooftop,"77 Goodell St",,"Buffalo, NY 14203",77,"Goodell St",,,Buffalo,NY,"Erie County",14203,US,Erie
"Zucker School of Medicine at Hofstra/Northwell","270-05 76th AveNew Hyde Park, NY 11040",https://professionals.northwell.edu/graduate-medical-education/residency-anesthesiology-nsuh-lij,https://freida.ama-assn.org/program/0403500182,240,12,13,38,80465,Yes,Yes,,,112,40.753237,-73.706888,0.8,range_interpolation,"270 76th Ave",,"New Hyde Park, NY 11040",270,"76th Ave",,,"New Hyde Park",NY,"Queens County",11040,US,"TIGER/Line® dataset from the US Census Bureau"
"Icahn School of Medicine at Mount Sinai/Morningside/West","1000 Tenth AveNew York, NY 10019",http://icahn.mssm.edu/MSWMSMAnesthesiologyResidency,https://freida.ama-assn.org/program/0403511108,230,13,8,62,81377,Yes,Yes,,,113,40.770077,-73.987402,1,rooftop,"1000 10th Ave",,"New York, NY 10019",1000,"10th Ave",,,"New York",NY,"New York County",10019,US,"City of New York"
"New York Presbyterian Hospital (Cornell Campus)","525 E 68th StNew York, NY 10065",http://weillcornellanesthesiology.org/,https://freida.ama-assn.org/program/0403521098,,20,1,41,81000,Yes,No,,,114,40.764347,-73.954508,1,rooftop,"525 E 68th St",,"New York, NY 10065",525,"E 68th St",,,"New York",NY,"New York County",10065,US,"City of New York"
"Icahn School of Medicine at Mount Sinai/Mount Sinai Hospital","1 Gustave L Levy PlNew York, NY 10029",http://www.mssm.edu/departments-and-institutes/anesthesiology,https://freida.ama-assn.org/program/0403521104,250,30,1,30,84479,Yes,Yes,,,115,40.790382,-73.953391,1,rooftop,"1 Gustave L Levy Pl",,"New York, NY 10029",1,"Gustave L Levy Pl",,,"New York",NY,"New York County",10029,US,"City of New York"
"NYU Grossman School of Medicine","550 First AveNew York, NY 10016",https://med.nyu.edu/departments-institutes/anesthesiology-perioperative-care-pain-medicine/education/residency,https://freida.ama-assn.org/program/0403521106,220,36,5,25,72489,Yes,No,,,116,40.742303,-73.974301,1,rooftop,"550 1st Ave",,"New York, NY 10016",550,"1st Ave",,,"New York",NY,"New York County",10016,US,"City of New York"
"New York Medical College at Metropolitan Hospital","1901 First AveNew York, NY 10029",https://metanesthesiology.com,https://freida.ama-assn.org/program/0403500184,,,,,,No,No,,,117,40.784771,-73.943905,1,rooftop,"1901 1st Ave",,"New York, NY 10029",1901,"1st Ave",,,"New York",NY,"New York County",10029,US,"City of New York"
"New York Presbyterian Hospital (Columbia Campus)","622 W 168th StNew York, NY 10032",http://www.cumc.columbia.edu/dept/anesthesiology/,https://freida.ama-assn.org/program/0403511107,,,,,,No,No,,,118,40.841295,-73.940647,1,rooftop,"622 W 168th St",,"New York, NY 10032",622,"W 168th St",,,"New York",NY,"New York County",10032,US,"City of New York"
"Nuvance Health","1 Columbia StPoughkeepsie, NY 12601",https://meded.healthquest.org/residency-programs/,https://freida.ama-assn.org/program/0403500183,210,6,36,23,79798,Yes,No,,,119,41.695028,-73.935756,1,rooftop,"1 Columbia St",,"Poughkeepsie, NY 12601",1,"Columbia St",,,Poughkeepsie,NY,"Dutchess County",12601,US,"NYS GIS Program Office, State Geographic Information Officer (GIO)"
"University of Rochester","601 Elmwood AveRochester, NY 14642",https://anesresidency.urmc.edu,https://freida.ama-assn.org/program/0403511111,,19,11,37,68417,Yes,No,,,120,43.122907,-77.624302,1,rooftop,"601 Elmwood Ave",,"Rochester, NY 14642",601,"Elmwood Ave",,,Rochester,NY,"Monroe County",14642,US,"NYS GIS Program Office, State Geographic Information Officer (GIO)"
"Zucker School of Medicine at Hofstra/Northwell","125 Community DrGreat Neck, NY 11021",https://physicians.northwell.edu/education/graduate-medical-education,https://freida.ama-assn.org/program/0403500003,,4,,,,Yes,Yes,,,121,40.782045,-73.705931,1,rooftop,"125 Community Dr",,"Great Neck, NY 11021",125,"Community Dr",,,"Great Neck",NY,"Nassau County",11021,US,"NYS GIS Program Office, State Geographic Information Officer (GIO)"
"Stony Brook Medicine/University Hospital","101 Nicolls RdStony Brook, NY 11794-0001",https://renaissance.stonybrookmedicine.edu/anesthesiology/residency/home,https://freida.ama-assn.org/program/0403521170,,,,,,No,No,,,122,40.909209,-73.11556,1,rooftop,"101 Nicolls Rd",,"Stony Brook, NY 11794",101,"Nicolls Rd",,,"Stony Brook",NY,"Suffolk County",11794,US,"Suffolk (Suffolk County Dept. of Information Technology - GIS Unit. CC BY 4.0)"
"SUNY Upstate Medical University","750 E Adams StSyracuse, NY 13210",http://www.upstate.edu,https://freida.ama-assn.org/program/0403521113,225,11,36,23,64869,Yes,No,,,123,43.042514,-76.141056,1,rooftop,"750 E Adams St",,"Syracuse, NY 13210",750,"E Adams St",,,Syracuse,NY,"Onondaga County",13210,US,"NYS GIS Program Office, State Geographic Information Officer (GIO)"
"Westchester Medical Center","100 Woods RdValhalla, NY 10595",https://www.westchestermedicalcenter.org/anesthesiology-residency-program,https://freida.ama-assn.org/program/0403521105,245,13,11,44,70585,Yes,Yes,,,124,41.086839,-73.803739,1,range_interpolation,"100 Woods Rd",,"Valhalla, NY 10595",100,"Woods Rd",,,Valhalla,NY,"Westchester County",10595,US,"TIGER/Line® dataset from the US Census Bureau"
"University of Cincinnati","231 Albert Sabin WayCincinnati, OH 45267-0531",http://med.uc.edu/anesth,https://freida.ama-assn.org/program/0403821118,,10,0,30,65188,Yes,No,,,125,39.48867,-83.63687,0.4,place,,,"Sabina, OH 45169",,,,,Sabina,OH,"Clinton County",45169,US,"TIGER/Line® dataset from the US Census Bureau"
"Case Western Reserve University/University Hospitals Cleveland Medical Center","11100 Euclid AveCleveland, OH 44106-5007",https://www.uhhospitals.org/medical-education/anesthesiology-medical-education/anesthesiology-residency,https://freida.ama-assn.org/program/0403821119,220,16,17,36,65817,Yes,Yes,,,126,41.566834,-81.526142,0.48,place,,,"Euclid, OH 44117",,,,,Euclid,OH,"Cuyahoga County",44117,US,"TIGER/Line® dataset from the US Census Bureau"
"The MetroHealth System/Case Western Reserve University","2500 MetroHealth DrCleveland, OH 44109",https://gme.metrohealth.org/anesthesiology,https://freida.ama-assn.org/program/0403821174,200,4,82,18,62691,Yes,Yes,,,127,41.462453,-81.697326,0.9,rooftop,"2500 Metro Health Dr",,"Cleveland, OH 44109",2500,"Metro Health Dr",,,Cleveland,OH,"Cuyahoga County",44109,US,Cuyahoga
"Cleveland Clinic","9500 Euclid AveCleveland, OH 44195",http://clevelandclinic.org/anesthesia/residency,https://freida.ama-assn.org/program/0403822120,,24,10,32,65361,Yes,Yes,,,128,41.685744,-81.672797,0.5,place,,,"Cleveland, OH 44195",,,,,Cleveland,OH,"Cuyahoga County",44195,US,"TIGER/Line® dataset from the US Census Bureau"
"OhioHealth/Doctors Hospital","5100 W Broad StColumbus, OH 43228",https://www.ohiohealth.com/medical-education/residencies/,https://freida.ama-assn.org/program/0403800175,,,,,,No,No,,,129,39.952401,-83.137786,1,rooftop,"5100 W Broad St",,"Columbus, OH 43228",5100,"W Broad St",,,Columbus,OH,"Franklin County",43228,US,"City of Columbus"
"Ohio State University","410 W 10th AveColumbus, OH 43210-1228",http://anesthesiology.osu.edu,https://freida.ama-assn.org/program/0403811123,,20,6,47,66439,Yes,No,,,130,39.99509,-83.017724,1,rooftop,"410 W 10th Ave",,"Columbus, OH 43210",410,"W 10th Ave",,,Columbus,OH,"Franklin County",43210,US,"City of Columbus"
"Kettering Health Network","405 W Grand AveDayton, OH 45405",https://secure.ketteringhealth.org/grandviewmeded/residency/anesthesiology.cfm,https://freida.ama-assn.org/program/0403800176,,,,,,No,No,,,131,39.769537,-84.202756,1,rooftop,"405 W Grand Ave",,"Dayton, OH 45405",405,"W Grand Ave",,,Dayton,OH,"Montgomery County",45405,US,Montgomery
"University of Toledo","3000 Arlington AveToledo, OH 43614-2595",https://www.utoledo.edu/med/depts/anesthesiology/residency/edu.html,https://freida.ama-assn.org/program/0403821125,,,,,,No,No,,,132,40.908204,-83.617612,0.4,place,,,"Arlington, OH 45814",,,,,Arlington,OH,"Hancock County",45814,US,"TIGER/Line® dataset from the US Census Bureau"
"Cleveland Clinic Foundation/South Pointe Hospital","20000 Harvard RdWarrensville Heights, OH 44122",http://spgme.southpointehospital.org/,https://freida.ama-assn.org/program/0403800177,,3,0,14,65361,Yes,Yes,,,133,41.448148,-81.537775,1,rooftop,"20000 Harvard Ave",,"Warrensville Heights, OH 44122",20000,"Harvard Ave",,,"Warrensville Heights",OH,"Cuyahoga County",44122,US,Cuyahoga
"University of Oklahoma Health Sciences Center","920 Stanton L Young BlvdOklahoma City, OK 73104",https://medicine.ouhsc.edu/Academic-Departments/Anesthesiology,https://freida.ama-assn.org/program/0403921128,220,12,0,27,58220,No,No,,,134,35.479264,-97.496437,1,rooftop,"920 Stanton L Young Blvd",,"Oklahoma City, OK 73104",920,"Stanton L Young Blvd",,,"Oklahoma City",OK,"Oklahoma County",73104,US,Oklahoma
"Oregon Health & Science University","3181 SW Sam Jackson Park RdPortland, OR 97239",http://www.ohsu.edu/anesth,https://freida.ama-assn.org/program/0404021129,,14,1,41,66205,Yes,Yes,,,135,45.49916,-122.685873,1,rooftop,"3181 SW Sam Jackson Park Rd",,"Portland, OR 97239",3181,"SW Sam Jackson Park Rd",,,Portland,OR,"Multnomah County",97239,US,"City of Portland (Public Domain Dedication and License (PDDL) v1.0)"
"Geisinger Health System","100 N Academy AveDanville, PA 17822-9800",http://www.geisinger.edu/,https://freida.ama-assn.org/program/0404100205,,,,,,No,No,,,136,40.967682,-76.605639,1,rooftop,"100 N Academy Ave",,"Danville, PA 17822",100,"N Academy Ave",,,Danville,PA,"Montour County",17822,US,Montour
"Penn State Milton S Hershey Medical Center","500 University DrHershey, PA 17033",https://residency.med.psu.edu/programs/anesthesiology-residency,https://freida.ama-assn.org/program/0404111130,225,18,1,33,,Yes,No,,,137,40.273201,-76.675673,1,range_interpolation,"500 University Dr",,"Hershey, PA 17033",500,"University Dr",,,Hershey,PA,"Dauphin County",17033,US,"TIGER/Line® dataset from the US Census Bureau"
"UPMC Medical Education/Lititz","1500 Highlands DrLititz, PA 17543",https://www.upmc.com/locations/hospitals/lititz/careers-training/gme/anesthesia,https://freida.ama-assn.org/program/0404100206,,,,,,No,No,,,138,40.132067,-76.312332,1,rooftop,"1500 Highlands Dr",,"Lititz, PA 17543",1500,"Highlands Dr",,,Lititz,PA,"Lancaster County",17543,US,Lancaster
"Temple University","3401 N Broad StPhiladelphia, PA 19140",https://medicine.temple.edu/departments-centers/clinical-departments/,https://freida.ama-assn.org/program/0404131136,,,,,,No,No,,,139,40.005238,-75.150745,0.99,rooftop,"3401-41 N Broad St",,"Philadelphia, PA 19140",3401-41,"N Broad St",,,Philadelphia,PA,"Philadelphia County",19140,US,Philadelphia
"University of Pennsylvania Health System ","3400 Spruce StPhiladelphia, PA 19104",https://www.pennmedicine.org/departments-and-centers/anesthesiology-and-critical-care,https://freida.ama-assn.org/program/0404121134,240,20,0,44,69869,Yes,Yes,,,140,39.950014,-75.194092,1,rooftop,"3400 Spruce St",,"Philadelphia, PA 19104",3400,"Spruce St",,,Philadelphia,PA,"Philadelphia County",19104,US,Philadelphia
"Sidney Kimmel Medical College at Thomas Jefferson University/TJUH","111 S 11th StPhiladelphia, PA 19107",https://www.jefferson.edu/academics/colleges-schools-institutes/skmc/departments/anesthesiology/education/residency.html,https://freida.ama-assn.org/program/0404121137,,10,4,24,70860,Yes,Yes,,,141,39.949635,-75.158575,1,range_interpolation,"111 S 11th St",,"Philadelphia, PA 19107",111,"S 11th St",,,Philadelphia,PA,"Philadelphia County",19107,US,"TIGER/Line® dataset from the US Census Bureau"
"UPMC Medical Education","3471 Fifth AvePittsburgh, PA 15213",https://www.anesthesiology.pitt.edu,https://freida.ama-assn.org/program/0404121139,,22,6,39,68895,Yes,Yes,,,142,40.440473,-79.960717,1,rooftop,"3471 5th Ave",,"Pittsburgh, PA 15213",3471,"5th Ave",,,Pittsburgh,PA,"Allegheny County",15213,US,Allegheny
"Allegheny Health Network Medical Education Consortium (AGH/WPH)","320 E North AvePittsburgh, PA 15212-4756",https://www.ahn.org/health-care-professionals/education/graduate-medical-education/residencies/anesthesiology,https://freida.ama-assn.org/program/0404132141,,,,,,No,No,,,143,40.456939,-79.990055,0.5,place,,,"Pittsburgh, PA 15212",,,,,Pittsburgh,PA,"Allegheny County",15212,US,"TIGER/Line® dataset from the US Census Bureau"
"Robert Packer Hospital","1 Guthrie SqSayre, PA 18840",https://www.guthrie.org/anesthesiology-residency-program,https://freida.ama-assn.org/program/0404100207,,3,,,61982,Yes,No,,,144,41.980263,-76.520754,1,rooftop,"1 Guthrie Sq",,"Sayre, PA 18840",1,"Guthrie Sq",,,Sayre,PA,"Bradford County",18840,US,Bradford
"Tower Health","420 S Fifth AveWest Reading, PA 19612",https://reading.towerhealth.org/academics/residency-programs/anesthesiology,https://freida.ama-assn.org/program/0404100208,,,,,,No,No,,,145,40.329994,-75.94818,1,range_interpolation,"420 S 5th Ave",,"Reading, PA 19611",420,"S 5th Ave",,,Reading,PA,"Berks County",19611,US,"TIGER/Line® dataset from the US Census Bureau"
"Brown University/Rhode Island Hospital-Lifespan","593 Eddy StProvidence, RI 02903-4923",https://www.brown.edu/academics/medical,https://freida.ama-assn.org/program/0404300001,,20,12,34,72675,Yes,Yes,,,146,41.811681,-71.409371,1,rooftop,"593 Eddy St",,"Providence, RI 02903",593,"Eddy St",,,Providence,RI,"Providence County",02903,US,Providence
"Medical University of South Carolina","167 Ashley AveCharleston, SC 29425",http://clinicaldepartments.musc.edu/anesthesia/education/residency/,https://freida.ama-assn.org/program/0404522143,245,18,1,28,61010,No,No,,,147,32.784828,-79.946567,1,rooftop,"167 Ashley Ave",,"Charleston, SC 29425",167,"Ashley Ave",,,Charleston,SC,"Charleston County",29425,US,"City of Charleston"
"HCA Healthcare/Mercer University School of Medicine/Grand Strand","809 82nd PkwyMyrtle Beach, SC 29572",https://mygrandstrandhealth.com/,https://freida.ama-assn.org/program/0404500144,232,6,4,21,58677,Yes,No,,,148,33.758542,-78.820016,0.63,rooftop,"809 82nd Pkwy",,"Myrtle Beach, SC 29572",809,"82nd Pkwy",,,"Myrtle Beach",SC,"Horry County",29572,US,Horry
"University of Tennessee Medical Center","1924 Alcoa HwyKnoxville, TN 37920",http://gsm.utmck.edu/anesthesiology/residency.cfm,https://freida.ama-assn.org/program/0404711144,230,,0,22,56516,Yes,No,,,149,35.815758,-83.987698,0.4,place,,,"Alcoa, TN 37701",,,,,Alcoa,TN,"Blount County",37701,US,"TIGER/Line® dataset from the US Census Bureau"
"University of Tennessee","600 Chandler Building
Jefferson Ave
Memphis, TN 38103",https://www.uthsc.edu/anesthesiology/,https://freida.ama-assn.org/program/0404700202,,,,,,No,No,,,150,35.144748,-90.040734,1,rooftop,"600 Jefferson Ave",Bldg,"Memphis, TN 38103",600,"Jefferson Ave",Bldg,,Memphis,TN,"Shelby County",38103,US,"City of Memphis"
"Vanderbilt University Medical Center","1211 Medical Center DrNashville, TN 37232",https://www.vumc.org/anesthesiology/residency-program,https://freida.ama-assn.org/program/0404711146,,21,1,65,70000,Yes,No,,,151,36.144982,-86.803105,1,rooftop,"1211 Medical Center Dr",,"Nashville, TN 37232",1211,"Medical Center Dr",,,Nashville,TN,"Davidson County",37232,US,Davidson
"University of Texas Southwestern","5323 Harry Hines BlvdDallas, TX 75230-9068",https://www.utsouthwestern.edu/departments/anesthesiology/education/residency/,https://freida.ama-assn.org/program/0404821147,,20,3,41,66918,No,No,,,152,32.811954,-96.840119,0.8,rooftop,"5323 Harry Hines Blvd",,"Dallas, TX 75390",5323,"Harry Hines Blvd",,,Dallas,TX,"Dallas County",75390,US,"City of Dallas"
"San Antonio Uniformed Services Health Education Consortium","3551 Roger Brooke DrFort Sam Houston, TX 78234-4504",https://www.bamc.health.mil/saushec/,https://freida.ama-assn.org/program/0404821091,,,,,,No,No,,,153,29.460474,-98.41572,1,rooftop,"3551 Roger Brooke Dr",,"Jbsa Ft Sam Houston, TX 78234",3551,"Roger Brooke Dr",,,"Jbsa Ft Sam Houston",TX,"Bexar County",78234,US,"Statewide (CC 0 Texas Natural Resources Information System)"
"Baylor All Saints Medical Center Fort Worth","1400 8th AveFort Worth, TX 76104",https://www.bswhealth.med/education/Pages/gme/fort-worth/anesthesiology-residency-program.aspx,https://freida.ama-assn.org/program/0404800004,,4,,,68926,No,No,,,154,32.730084,-97.345284,1,rooftop,"1400 8",,"Fort Worth, TX 76104",1400,8,,,"Fort Worth",TX,"Tarrant County",76104,US,Tarrant
"University of Texas Medical Branch Hospitals","301 University BlvdGalveston, TX 77555-0877",https://www.utmb.edu/anesthesia/,https://freida.ama-assn.org/program/0404811149,220,20,3,26,61401,Yes,No,,,155,29.311085,-94.778125,1,rooftop,"301 University Blvd",,"Galveston, TX 77555",301,"University Blvd",,,Galveston,TX,"Galveston County",77555,US,"Statewide (CC 0 Texas Natural Resources Information System)"
"Methodist Hospital (Houston)","6565 Fannin StHouston, TX 77030",https://www.houstonmethodist.org/2623_education/medical-education/,https://freida.ama-assn.org/program/0404800001,,,,,,No,No,,,156,29.709033,-95.400335,1,rooftop,"6565 Fannin St",,"Houston, TX 77030",6565,"Fannin St",,,Houston,TX,"Harris County",77030,US,"City of Houston"
"Baylor College of Medicine","6565 Fannin StHouston, TX 77030",https://www.bcm.edu/departments/anesthesiology,https://freida.ama-assn.org/program/0404831150,,,,,,No,No,,,157,29.709033,-95.400335,1,rooftop,"6565 Fannin St",,"Houston, TX 77030",6565,"Fannin St",,,Houston,TX,"Harris County",77030,US,"City of Houston"
"University of Texas Health Science Center at Houston","6431 Fannin StHouston, TX 77030",https://med.uth.edu/anesthesiology/education/residency/,,,26,10,49,67557,Yes,No,,,158,29.712446,-95.397347,1,rooftop,"6431 Fannin St",,"Houston, TX 77030",6431,"Fannin St",,,Houston,TX,"Harris County",77030,US,"City of Houston"
"Texas Tech University Health Sciences Center at Lubbock","3601 4th StLubbock, TX 79430",https://www.ttuhsc.edu/medicine/anesthesiology/default.aspx,https://freida.ama-assn.org/program/0404811153,,,,,,No,No,,,159,33.610018,-101.821292,0.5,place,,,"Lubbock, TX 79430",,,,,Lubbock,TX,"Lubbock County",79430,US,"TIGER/Line® dataset from the US Census Bureau"
"University of Texas Health Science Center San Antonio Joe and Teresa Lozano Long School","7703 Floyd Curl DrSan Antonio, TX 78229-3900",https://lsom.uthscsa.edu/anesthesiology/,https://freida.ama-assn.org/program/0404821155,,18,2,26,65589,Yes,No,,,160,29.507135,-98.574947,1,rooftop,"7703 Floyd Curl Dr",,"San Antonio, TX 78229",7703,"Floyd Curl Dr",,,"San Antonio",TX,"Bexar County",78229,US,"City of San Antonio"
"Texas A&M College of Medicine-Scott and White Medical Center (Temple)","2401 S 31st StTemple, TX 76508-0001",https://www.bswhealth.med/education/,https://freida.ama-assn.org/program/0404821156,,12,0,,68926,Yes,No,,,161,31.081444,-97.360878,0.8,rooftop,"2401 S 31st St",,"Temple, TX 76508",2401,"S 31st St",,,Temple,TX,"Bell County",76508,US,"City of Temple"
"University of Texas Health Science Center at Tyler","11937 US Hwy 271Tyler, TX 75708-3154",https://www.uthct.edu/anesthesiology-residency/,,220,6,,,61700,Yes,No,,,162,32.41896,-95.210564,0.5,place,,,"Tyler, TX 75708",,,,,Tyler,TX,"Smith County",75708,US,"TIGER/Line® dataset from the US Census Bureau"
"University of Utah Health","30 N 1900 ESalt Lake City, UT 84132",http://medicine.utah.edu/anesthesiology/,https://freida.ama-assn.org/program/0404931157,220,5,11,40,71064,Yes,No,,,163,40.772743,-111.838541,0.5,place,,,"Salt Lake City, UT 84132",,,,,"Salt Lake City",UT,"Salt Lake County",84132,US,"TIGER/Line® dataset from the US Census Bureau"
"University of Virginia Medical Center","200 Jeanette Lancaster WayCharlottesville, VA 22903",https://med.virginia.edu/anesthesiology/,https://freida.ama-assn.org/program/0405111159,,,,,,No,No,,,164,38.030764,-78.501745,1,rooftop,"200 Jeanette Lancaster Way",,"Charlottesville, VA 22903",200,"Jeanette Lancaster Way",,,Charlottesville,VA,"Charlottesville City",22903,US,"City of Charlottesville"
"Mary Washington Healthcare","1001 Sam Perry BlvdFredericksbrg, VA 22401",https://www.marywashingtonhealthcare.com,https://freida.ama-assn.org/program/0405100001,,,,,,No,No,,,165,38.311041,-77.483606,1,rooftop,"1001 Sam Perry Blvd",,"Fredericksburg, VA 22401",1001,"Sam Perry Blvd",,,Fredericksburg,VA,"Fredericksburg City",22401,US,"Virginia Geographic Information Network (VGIN)"
"Naval Medical Center (Portsmouth) ","620 John Paul Jones CirPortsmouth, VA 23708-2197",,https://freida.ama-assn.org/program/0405121008,,,,,,No,No,,,166,38.272028,-77.647788,0.4,place,,,"Jones, VA 22553",,,,,Jones,VA,"Spotsylvania County",22553,US,"TIGER/Line® dataset from the US Census Bureau"
"Virginia Commonwealth University Health System","1200 E Broad StRichmond, VA 23298",https://anesthesiology.vcu.edu,https://freida.ama-assn.org/program/0405111160,220,11,8,29,,Yes,No,,,167,37.539364,-77.430728,1,rooftop,"1200 E Broad St",,"Richmond, VA 23298",1200,"E Broad St",,,Richmond,VA,"Richmond City",23298,US,"City of Richmond"
"University of Vermont Medical Center","111 Colchester AveBurlington, VT 05401",https://www.uvmhealth.org/gme/Pages/Residencies/Anesthesiology.aspx,https://freida.ama-assn.org/program/0405011158,,,,,,No,No,,,168,44.477165,-73.19282,1,rooftop,"111 Colchester Ave",,"Burlington, VT 05401",111,"Colchester Ave",,,Burlington,VT,"Chittenden County",05401,US,"City of Burlington"
"Virginia Mason Franciscan Health","1100 Ninth AveSeattle, WA 98101",https://www.vmfh.org/residencies-fellowships-and-training/post-graduate-residency-programs/anesthesi,https://freida.ama-assn.org/program/0405412162,,,,,,No,No,,,169,47.610902,-122.336422,0.5,place,,,"Seattle, WA 98101",,,,,Seattle,WA,"King County",98101,US,"TIGER/Line® dataset from the US Census Bureau"
"University of Washington","1959 NE Pacific StSeattle, WA 98195",https://anesthesiology.uw.edu/education/residency-program/,https://freida.ama-assn.org/program/0405421161,,26,7,35,76032,Yes,Yes,,,170,47.649168,-122.306765,1,rooftop,"1959 NE Pacific St",,"Seattle, WA 98195",1959,"NE Pacific St",,,Seattle,WA,"King County",98195,US,"City of Seattle"
"University of Wisconsin Hospitals and Clinics","600 Highland AveMadison, WI 53792-3272",http://www.anesthesia.wisc.edu,https://freida.ama-assn.org/program/0405621164,,16,5,40,68626,Yes,No,,,171,43.04666,-90.37985,0.4,place,,,"Highland, WI 53543",,,,,Highland,WI,"Iowa County",53543,US,"TIGER/Line® dataset from the US Census Bureau"
"Medical College of Wisconsin Affiliated Hospitals","9200 W Wisconsin AveMilwaukee, WI 53226",http://www.mcw.edu/anesthesiology,https://freida.ama-assn.org/program/0405621165,214,22,11,32,69700,Yes,Yes,,,172,43.038632,-88.028266,1,rooftop,"9200 W Wisconsin Ave",,"Milwaukee, WI 53226",9200,"W Wisconsin Ave",,,Milwaukee,WI,"Milwaukee County",53226,US,"City of Milwaukee"
"West Virginia University","1 Medical Center DrMorgantown, WV 26506",https://medicine.hsc.wvu.edu/anesthesiology/residents/,https://freida.ama-assn.org/program/0405511163,,,,,,No,No,,,173,39.653296,-79.960086,0.86,nearest_rooftop_match,"33 Medical Center Dr",,"Morgantown, WV 26505",33,"Medical Center Dr",,,Morgantown,WV,"Monongalia County",26505,US,Monongalia
